wav,notes,seconds,meanrate,maxrate,maxgain,tracks
08124C18,172,642.168,19573.9,118227.5,0.5564,060 107 134 244
0813C744,122,514.154,31023.4,215300.2,0.3035,068 120 239 243 917 920 923 926
08147114,400,780.046,14321.9,19865.9,0.4047,027 029 079 126 140 162 163 203 227 232 242 244 249 903 922
0814E1F8,6152,6283.076,23873.0,141590.5,0.2218,002 004 006 013 022 045 097 098 120 124 138 139 165 166 167 168 172 178 180 186 198 245 246 248 249 250 903 907 909
08154EB8,1853,478.910,14849.8,28094.9,0.2451,006 019 049 094 102 120 238
0816E5CC,679,1468.240,10887.9,252287.0,0.4903,027 029 056 079 125 126 127 140 162 163 203 227 232 236 242 244 249 903 922
0817472C,3571,1790.269,23529.0,122160.5,0.5642,004 008 010 041 106 118 127 139 151 179 180 185 190 198 201 216 217 231 236 238 244 909 916 924
081748EC,43,59.236,23013.9,67814.7,0.5292,068 120 170 183 904
0818CE50,770,533.776,24822.8,71058.7,0.1206,035 057 062 101 113 140 167 180 206 227 232 909
0818DD4C,1265,551.876,11041.5,50059.8,0.2374,014 024 159 177 186 248
08197EF0,1589,551.691,16475.2,42094.8,0.3891,004 070 088 126 140 143 144 180 193 218 227 232 234 248 249 903 909
081A841C,24,6.328,15953.0,31203.9,0.1984,097 098 248
081AA998,234,23.305,19037.2,37501.9,0.2140,043 051 188 192
081AB314,130,267.817,21109.5,63071.8,0.1595,010 202 924
081ABAE4,1467,334.940,24473.3,63071.8,0.2412,050 125 154 157 159 190 191 195 202 208
081AF364,3475,1194.195,30335.0,106073.6,0.2062,012 069 121 161 177 180 189 190 191 198 249 909
081B1084,217,327.070,10835.4,252287.0,0.2996,027 201 232 907 922
081B57D8,15,109.062,31535.9,31535.9,0.1284,091
081C2AEC,405,307.029,14757.2,47249.8,0.2179,023 100 241
081C4570,766,233.261,18842.1,25122.9,0.2957,070 088 126 140 180 193 218 232 244 248 249 903 909
081D3F44,363,615.866,15417.8,28094.9,0.1907,052 102 130 225 236
081E38E0,465,78.708,8978.4,29660.9,0.4903,010 018 119
081E80D8,441,100.908,10944.1,49883.8,0.1945,018 119 157
081EE0C0,7885,1505.475,17638.8,63071.8,0.3658,005 006 026 094 102 110 111 112 120 130 134 135 137 143 144 180 210 218 228 229 236 248 909 924
081F1120,1431,586.968,19413.0,69801.7,0.2451,006 075 087 106 120 136 146 151 179 224 225 236
081F7064,1147,366.465,17145.6,25029.9,0.4514,004 010 026 136 179 225 236 241 244 248
08204AD0,835,114.236,10147.2,25029.9,0.3580,010 057 062 097 098
082081D4,14,27.039,15767.9,15767.9,0.4163,055 086
0820FD14,34,98.648,10726.4,15767.9,0.6770,055 086 202
0821763C,468,99.351,11327.5,47249.8,0.2257,010 020 075 087
0821B8F0,716,157.448,20150.2,39731.8,0.3191,130 150 234
0821F104,136,372.862,11338.9,15767.9,0.6770,055 086 202
08226C28,380,256.466,33545.5,70794.7,0.2101,101 108 113 120
0822F894,12,18.886,15767.9,15767.9,0.4163,055 086
082358F4,18,77.051,14495.3,19865.9,0.1907,019 060 239
08243C08,612,544.760,20807.1,50059.8,0.2840,006 021 031 092 094 105 124 139 199 924
0825721C,128,53.711,24689.8,39731.8,0.2023,018 021 101 105 113
08261EEC,1113,590.718,27930.7,63071.8,0.3385,011 021 022 040 048 052 059 065 084 105 121 154 200 227 233 234
08271370,2743,1120.493,27310.7,336762.7,0.2568,011 021 022 032 048 059 065 080 101 105 113 131 154 164 208 210 236 242 247
0828264C,98,189.411,12322.7,21046.9,0.4086,183 215 239
0828B260,295,52.656,17484.6,21046.9,0.3696,026 029 079 124 248
0828E0D4,520,231.754,16230.2,27995.9,0.3891,004 026 029 079 124 179 227 248
0829517C,2508,1108.222,22331.2,53036.8,0.2257,005 014 015 091 094 157 159 172 213 216 249
08297F94,54,31.527,14902.3,21046.9,0.2802,024 052 216
0829A1E0,1132,493.293,25056.4,79464.7,0.2957,006 094 125 137 195 917
0829DA04,202,108.978,11331.3,15767.9,0.3191,024 052 203
0829FC50,2354,1480.079,27085.9,79760.7,0.2763,137 169 186 216 234 246 249
082B01E4,375,549.666,13908.0,53036.8,0.3735,052 107 139 239 246 922
082C6AFC,527,994.153,12979.6,42094.8,0.1634,195 230 244 246
082D43A4,43,26.135,14030.0,15767.9,0.2802,024 052
082D65EC,5407,2373.570,29849.9,126143.5,0.2335,002 006 020 049 068 097 101 102 113 120 126 140 153 155 157 175 181 205 211 232 237 238 247 901 903 907 913
082E61D8,1346,4055.500,24731.6,76816.7,0.5836,001 002 004 006 013 015 019 020 030 047 048 061 069 072 094 106 126 128 140 150 151 205 210 211 232 238 242 243 248 901 908
082ED1BC,30,6.530,59399.8,79464.7,0.0934,006
082F7920,781,895.369,19607.1,53036.8,0.2257,052 147 153 181 237
082FF07C,51,300.952,40498.3,82418.7,0.2529,107 244 924
08302F00,177,829.704,18384.0,48654.8,0.2802,019 052 091 147 183 244
08330CA8,199,160.563,11022.1,15767.9,0.3074,024 052 203
08332F18,11,25.030,32232.5,49883.8,0.2568,006 244
0835D948,62,241.263,14817.0,50059.8,0.2724,010 060 107 162 163 183 239
0837B9D4,41,32.297,13838.7,15767.9,0.2802,024 052
0837E488,1958,496.976,23261.9,47249.8,0.2218,152 160 208 219
08380CDC,218,50.898,22173.6,42094.8,0.1556,094 213
08385BD0,120,174.594,20767.2,84190.7,0.3191,055 086 230 244
0838D6FC,647,158.353,16569.7,53036.8,0.2296,101 113 152
08390ECC,93,333.499,12832.7,29765.9,0.2918,060 162 163 183 239 924
083B4300,156,201.968,30265.7,126143.5,0.3852,162 163 203 217 230
083C67E0,106,264.988,62508.1,635722.6,0.4436,006 060 162 163 198 917
083DA2F4,345,238.534,14533.9,35396.9,0.3658,162 163 244 920 923 926
083DDFFC,12,40.266,8515.7,15767.9,0.5603,121 244
083EC940,1165,270.447,25958.5,42094.8,0.2957,050 088 094 156 157 193 226 238
083F1BA8,152,64.761,10731.6,17697.9,0.1479,194
08400370,144,35.562,207309.9,252287.0,0.2607,203
08420D04,447,70.119,15767.9,15767.9,0.1868,158 188
08425024,54,33.050,21882.1,79464.7,0.5603,230 244
08428C40,6323,2768.870,15935.2,47249.8,0.2763,006 020 032 050 051 065 080 123 134 135 136 146 154 180 196 198 218 219 225 226 238 241 242 248 249 903 909
0842ABC4,60,179.131,7884.0,7884.0,0.2490,243
08439044,14,53.040,13883.9,31535.9,0.4241,202 228 248
08448298,245,52.941,30123.0,31203.9,0.2374,196 200
0844A91C,1402,70.421,15767.9,15767.9,0.4163,081 176
0844AB94,15,3.215,13607.2,17666.9,0.4358,911
0844C40C,712,105.012,16397.1,26517.9,0.3424,032 080 140 148 150 152 232 236 238
0844E2D0,2014,414.215,16681.3,35148.9,0.3735,004 010 026 032 073 074 080 091 130 139 140 148 150 155 180 196 226 229 232 236 241 249 903 909
08450AA4,348,233.997,6047.7,31203.9,0.4708,010 136 225 226 911 918
08451B84,347,248.094,6008.1,31203.9,0.4708,010 136 225 226 911 918
08452D50,281,234.901,5453.2,22298.9,0.4708,225 226 911 918
08454584,349,238.099,6097.0,31203.9,0.4708,010 225 226 911 918
08456018,16,1507.284,5302.5,15767.9,0.2802,136 226 911 918
0846CB64,46,45.221,6703.3,18553.9,0.2879,004 136 157 179 180 225 236 244 248
08471478,14,6.094,15767.9,15767.9,0.4436,140 232
08472EDC,309,24.395,16768.6,26813.9,0.2023,010 042 053
084733E4,4,0.603,16784.2,19795.9,0.3191,112
08474558,609,81.655,16023.3,26813.9,0.3152,007 010 042 053 112
08475CFC,540,278.885,15824.9,17666.9,0.3852,002 017 022 028 032 038 043 057 062 076 080 082 092 095 096 101 113 114 116 129 133 142 184 187 192 216 233 234 238 241 248
08478D50,182,394.344,15241.2,16828.9,0.4008,017 022 028 042 043 053 056 076 088 095 096 101 113 114 117 130 133 140 148 150 158 184 187 188 192 193 196 216 232 235 242 244 248 904 906
084860E4,396,363.263,15941.3,17666.9,0.2802,017 022 028 038 043 054 056 057 062 077 088 095 096 101 108 113 114 117 148 158 184 187 188 192 193 234 235 242 248 902 906
0848B658,192,43.129,15887.1,22180.9,0.3191,042 053 054 077 081 094 104 176
0848D654,51,113.249,13278.0,22298.9,0.4124,001 004 020 038 052 076 091 102 133 183 198 216 235 238 242 248 924
0849AE18,4813,237.011,15754.4,19795.9,0.3346,002 004 013 029 030 061 070 079 106 126 136 140 141 146 151 156 179 180 189 205 210 211 212 216 224 225 226 232 236 238 241 242 248 249 903 910 911 924 925
0849B080,1131,323.856,15767.8,16118.9,0.2335,017 028 042 043 053 054 077 088 092 096 101 104 108 113 114 117 132 148 158 184 187 188 192 193 199 242 248 902
0849D2E8,3485,773.699,15191.4,20899.9,0.3541,004 013 030 032 050 061 070 073 074 080 091 126 136 141 155 164 179 180 189 198 205 210 211 212 216 224 225 226 236 238 241 242 244 248 249 903 909 910 911 924 925
0849E26C,14153,1872.562,15907.9,17666.9,0.3696,028 038 042 043 053 056 057 062 076 082 088 092 095 096 101 108 113 114 116 117 129 133 142 158 184 187 188 190 191 192 193 199 216 233 234 248 906
0849F0F0,1541,150.118,16361.1,20954.9,0.2374,002 004 006 007 010 056 058 120 139 177 201 216 248
0849F754,2890,574.812,14251.0,26517.9,0.3891,004 018 020 022 030 061 070 126 128 136 143 144 146 157 179 196 205 208 210 211 212 216 224 225 226 229 236 241 244 248 908 910 911 924
084A1278,16907,1050.811,16168.0,31203.9,0.4591,002 004 013 029 030 032 036 048 061 070 073 074 075 079 080 087 097 106 115 125 126 130 136 139 141 143 144 146 150 151 155 156 157 179 180 198 201 205 208 211 225 226 236 237 238 241 248 249 903 909 911 924
084A18F0,4434,279.349,15729.0,31203.9,0.3385,002 004 013 018 020 026 029 032 034 036 048 070 073 074 079 080 106 120 124 125 126 130 136 137 143 144 146 150 151 155 156 157 179 180 189 205 208 210 211 212 216 225 226 229 236 238 241 248 249 903 909 910 911 924
084A1DEC,1959,617.422,15746.9,27847.9,0.3463,013 018 029 032 034 048 049 070 073 074 075 079 080 087 125 126 130 136 139 141 144 146 152 157 179 180 189 205 211 212 225 226 236 238 241 242 244 248 909 910 911 924 925
084A42A0,409,466.974,15151.9,19586.9,0.3191,004 018 020 022 026 029 030 032 036 038 061 070 073 074 076 079 080 091 101 102 104 106 113 126 130 133 136 141 143 144 146 151 152 155 156 157 179 180 187 189 195 203 205 208 210 211 212 216 224 225 226 236 238 241 242 248 249 903 909 910 911 924 925
084A9F74,1134,335.794,15760.7,24853.9,0.3307,020 022 026 034 073 074 102 125 136 146 152 189 216 226 241 248 249 901
084ACE08,331,310.042,15785.1,31203.9,0.3424,001 004 006 007 008 010 020 022 026 029 050 052 070 073 074 075 079 086 087 088 096 120 126 130 136 139 140 143 144 152 155 157 162 163 179 180 189 193 195 196 198 203 212 216 224 225 226 229 232 236 238 241 242 248 249 903 910 911 925
084B227C,1293,440.988,17354.8,27847.9,0.3113,020 022 034 070 073 074 075 087 102 136 144 146 155 162 163 179 216 225 238 248 901
084B5B40,2220,244.260,15767.9,15767.9,0.2335,097 098 103 104 108 109 140 232
084B63A8,124,51.002,15179.0,20456.9,0.4358,002 004 020 022 026 029 048 057 062 070 075 079 087 096 103 124 125 126 127 130 136 150 157 179 180 190 191 195 216 225 226 229 236 238 241 248 909 911
084B820C,41,20.962,15766.6,30207.9,0.3152,006 150 216
084BD800,215,211.899,15619.2,15767.9,0.3424,004 020 022 026 029 038 055 070 073 074 075 079 086 087 092 096 126 130 132 136 140 141 144 146 152 155 157 179 180 195 199 212 216 224 225 232 236 238 241 242 248 249 903 909 910
084C2D54,387,24.845,16439.1,20954.9,0.3852,048 050 124 130 156 195 248
084C30BC,1189,298.005,15760.2,24853.9,0.3774,020 026 034 055 086 102 124 125 146 189 212 225 248 249 901 910
084C5DA0,606,166.740,16773.4,19795.9,0.4047,005 006 022 024 032 036 070 075 080 087 120 157 160 195 196 213 216 238
084C8000,458,86.242,16644.5,19795.9,0.3580,005 006 022 032 036 070 075 080 087 120 157 160 195 196 213 216 238
084C91A4,1720,167.311,16115.9,21711.9,0.4086,005 029 069 079 081 094 119 120 127 145 176 218 223 226 228 229 248 911
084C985C,488,72.512,16070.8,21711.9,0.2763,005 029 079 081 120 145 176 223 225
084CA1C0,2779,506.201,16382.1,31203.9,0.2607,005 008 029 079 081 119 120 127 137 145 176 185 218 223 225 226 228 229 248 911
084CBA38,144,32.816,15767.9,15767.9,0.2374,029 050 079 127 195
084CDA6C,181,49.391,15767.9,15767.9,0.2374,029 050 079 127 195
084CF9D0,451,33.435,17131.5,22298.9,0.3035,124 190 191 226 248 911
084D00C8,356,29.753,14681.0,17201.9,0.2607,104 160 190 191 226 248 911
084D094C,1341,113.467,18159.5,31203.9,0.2879,008 029 079 127 145 185
084D12C4,412,26.302,16420.5,20954.9,0.3852,007 048 050 124 130 156 195 248
084D1620,654,168.381,14947.9,19795.9,0.4047,005 022 024 032 036 050 070 075 080 087 130 160 195 196 225 238
084D3888,447,81.053,14500.2,19795.9,0.3230,005 022 024 032 036 070 080 130 160 195 196 225 238
084D4B28,1187,59.770,15731.5,15767.9,0.3152,050 054 077 103 104 110 111 112 123 195 219 223 226 911
084D4E08,776,220.117,15738.8,15767.9,0.3152,050 054 077 103 104 110 111 112 123 195 219 223 226 911
084D5F2C,440,30.674,13511.2,15767.9,0.2724,029 079 123 125 160 161 916
084D6288,757,208.968,15619.1,19795.9,0.3230,006 022 024 032 036 070 075 080 081 087 120 130 176 195 196 200 213 216 238 244
084D8350,656,136.086,15420.8,19795.9,0.2957,006 022 024 032 036 070 075 080 081 087 120 130 176 195 196 200 213 216 238
084D959C,863,193.514,16093.3,23541.9,0.4047,005 020 022 032 036 050 070 075 080 081 087 119 120 130 150 157 160 176 195 196 200 213 216 226 238 911 924
084DB68C,730,134.946,16505.2,23541.9,0.3696,005 020 022 032 036 070 075 080 081 087 119 120 130 150 157 160 176 195 196 200 213 216 226 238 911 924
084DC92C,734,39.129,15767.9,15767.9,0.2412,081 101 113 154 176 220 227
084DCE2C,366,101.210,15744.3,20456.9,0.2412,057 062 081 101 110 112 113 154 176 216 220 227
084DF4B0,79,3.750,15767.9,15767.9,0.2451,123 161
084DF798,1194,314.748,15372.6,15767.9,0.1829,123 153 154 186 210 227
084E1788,19,19.171,18447.7,20954.9,0.2140,069 225 244
084E9184,319,28.363,16854.9,20954.9,0.1829,010 058 177
084E97FC,1691,149.883,16302.0,23479.9,0.2840,006 007 026 069 075 087 120 125 130 143 144 189 229
084EA5B0,1879,165.836,16953.4,24853.9,0.3307,020 022 048 049 050 073 074 120 139 180 201 207 208 236 248 909
084EABB0,35,3.634,15767.9,15767.9,0.2257,006 007 120 189
084EB6B0,211,21.163,19795.9,19795.9,0.2374,115
084EBDAC,174,11.719,17632.0,17666.9,0.1790,150 205 211
084EC25C,436,56.758,15829.2,23479.9,0.2763,004 091 162 163
084ECE44,577,73.736,15231.7,15767.9,0.2023,032 036 080 097 098 157 164
084ED7C8,466,45.557,16446.8,20899.9,0.2140,018 152 155 198 244
084EE1B8,64,12.289,23479.9,23479.9,0.1907,097 098
084EF4EC,115,7.702,22298.9,22298.9,0.2529,124
084EF9FC,1157,163.443,15175.1,18701.9,0.3852,048 075 087 124 137 142 143 144 150 152 208 216 229 248
084F04BC,598,121.720,15767.9,15767.9,0.2140,026 156 157
084F18BC,319,39.228,15852.6,16921.9,0.2335,022 048 143 144 180 205 211 212 909 910
084F3100,42,4.169,15767.9,15767.9,0.2101,244
084F4D18,1422,289.349,16207.7,31203.9,0.3035,010 018 020 036 049 106 115 130 146 151 198 236
084F5F60,129,27.374,13941.5,26517.9,0.2646,006 010 106 125 151 217 244 248
084F7788,106,27.943,10388.5,26517.9,0.3696,010 124 125 189
084F904C,3477,169.354,16779.8,20954.9,0.3035,006 010 022 058 120 177 207 229 236 248
084F9370,1049,133.825,19350.0,23479.9,0.4280,006 010 022 058 061 120 162 163 177 207 248
084FB41C,2396,213.337,18209.3,23479.9,0.3268,022 056 128 142 162 163 207 908
084FBD3C,48,17.580,16632.7,19795.9,0.3191,121
084FD7AC,495,122.053,15572.7,18750.9,0.3230,005 006 022 024 032 070 075 080 081 087 119 120 130 176 226 238 911
085007F4,420,76.380,15407.7,18750.9,0.3230,005 006 022 024 032 070 075 080 081 087 119 120 130 176 226 238 911
0850394C,242,51.969,15734.4,15767.9,0.3074,022 130 238 924
0850675C,60,12.272,14434.9,15767.9,0.2957,022 081 176
085092CC,1600,1922.088,14674.5,19098.9,0.4747,004 017 038 044 045 046 049 057 058 062 067 069 078 088 090 092 093 100 114 116 117 122 126 132 140 148 154 155 156 158 164 166 167 168 173 174 184 187 188 193 199 204 206 214 216 232 245 247 248 249 902 906 913 925
08515438,1871,2631.197,16343.9,20308.9,0.4163,004 017 031 038 039 045 046 049 057 058 062 064 067 078 090 093 100 114 115 117 122 126 132 140 148 154 155 156 158 164 165 166 167 173 174 183 184 186 187 188 204 205 206 207 211 214 229 232 245 247 248 249 902 903 904 906 913 925
0851F028,1938,2122.245,16527.6,20086.9,0.3346,017 038 039 045 046 049 057 058 062 064 078 081 082 088 090 093 100 104 115 117 122 126 129 132 154 155 156 158 164 165 166 167 168 172 173 174 176 186 187 188 193 204 205 206 207 211 214 220 227 229 245 247 248 249 902 903 904 906 913 925
085292BC,3714,4788.615,15397.9,18820.9,0.2879,004 014 017 038 039 044 045 046 049 050 057 058 062 067 076 078 081 082 088 090 093 100 104 109 114 117 122 126 129 132 133 154 155 156 158 165 166 167 168 172 173 174 176 184 186 187 188 193 204 205 206 207 209 211 213 214 220 227 229 245 247 248 249 902 903 913 925
08531084,6540,6044.612,14855.9,18785.9,0.2957,004 014 017 038 044 045 046 049 050 054 057 058 062 064 067 070 076 077 078 081 082 088 090 093 100 104 109 115 117 122 129 132 133 154 155 156 157 158 165 166 167 168 172 173 174 176 186 188 193 204 206 207 209 213 214 220 229 245 247 248 249 902 903 904 906 913 925
08537AF8,3439,3295.963,15577.3,18785.9,0.2957,004 014 022 038 042 043 045 046 049 053 054 057 058 062 064 067 070 076 077 078 081 082 088 090 100 102 104 109 115 117 122 126 129 132 133 154 156 157 158 166 167 168 172 173 174 176 187 188 192 193 199 204 205 206 207 209 211 213 220 229 245 247 248 249 902 903 904 906 913 925
0853D880,2450,1972.266,15026.0,18750.9,0.2763,022 038 042 043 045 046 049 053 054 057 058 062 064 067 070 076 077 078 081 082 088 090 100 101 102 104 109 113 115 117 120 122 126 129 132 133 154 156 157 158 167 168 172 173 174 176 186 187 188 192 193 199 204 206 207 209 213 229 238 247 248 249 902 904 906 913 925
08544BF4,2595,1820.795,14888.5,19865.9,0.2763,001 022 038 042 043 045 046 053 054 057 062 064 067 076 077 078 081 082 088 090 100 101 102 104 109 113 115 117 120 126 129 132 133 154 155 158 172 176 186 187 188 192 193 206 209 213 227 238 247 248 249 902 904 906
0854DCDC,211,231.671,13959.8,16704.9,0.2374,001 045 078 082 088 101 104 113 129 155 167 187 193 206 248
08553550,13,20.292,13462.6,14046.9,0.1868,248
08566E14,996,744.717,13120.2,17697.9,0.3035,033 044 070 083 085 088 090 094 101 113 140 146 181 193 222 225 226 234 242 249 903 905
08586578,2714,1922.674,13914.4,18889.9,0.2840,033 044 055 082 083 085 086 090 094 101 113 126 129 134 135 146 182 216 222 224 225 226 242 249 250 903 905
08599C90,6047,3905.268,12631.6,18889.9,0.2685,033 044 049 055 082 083 085 086 090 094 101 113 126 129 134 135 146 182 216 222 224 225 226 248 249 250 903 905 911
085AECE4,4961,3015.136,12456.2,17697.9,0.2607,005 033 044 049 055 082 083 085 086 090 094 101 113 126 129 134 135 140 146 182 216 222 224 225 226 232 238 248 249 250 903 905 911
085B91C8,2093,956.363,10872.7,37501.9,0.2879,005 033 044 055 082 083 085 086 090 094 126 129 134 135 140 182 216 224 232 238 248 249 250 903 905
085BE338,5142,1819.018,15140.3,33175.9,0.3307,004 006 008 011 013 020 022 030 047 049 059 061 065 075 087 095 096 119 120 121 125 127 140 155 156 157 160 185 186 198 202 208 232 236 248 901 907
085C6058,1525,726.736,15803.9,23887.9,0.3307,004 006 008 011 013 020 022 027 047 049 059 065 075 087 119 125 155 156 157 160 185 186 198 202 208 901
085CA9D4,1295,445.292,17935.6,29765.9,0.3813,031 038 064 090 094 098 104 114 115 149 158 184 187 188 205 211 216 228 239 242 248 904
085CE308,472,170.658,18818.3,33410.9,0.3813,031 038 064 090 094 098 104 114 115 149 158 184 187 188 205 211 216 228 242 248 902 904
085D0E4C,915,117.970,14366.3,19865.9,0.3424,018 021 043 105 192 233
085D7D48,1,0.234,11812.0,11812.0,0.2374,233
085E0138,50,48.303,13096.4,21046.9,0.1517,068 155
085E40F0,164,226.848,14500.7,19865.9,0.1517,068 155
085E6F74,18,8.271,16168.8,19865.9,0.1517,068
085EAA28,592,203.409,19231.4,22298.9,0.1829,004 042 053 094 095 096 108 109 158 188 227 242 247 248
085EDE58,1731,615.831,15554.6,22298.9,0.1945,004 042 046 053 054 057 062 077 094 095 096 103 104 108 109 125 158 168 188 227 242 247 248
085F05DC,509,154.888,14002.2,21124.9,0.1790,004 046 054 057 062 077 094 095 096 103 104 117 158 168 188 227
085F8EAC,24,5.491,12111.9,13258.9,0.1479,004 057 062 117
086010A8,2849,646.238,14811.5,19865.9,0.1984,054 077 081 082 104 107 108 109 110 111 112 129 176 190 191 213
08603AEC,4726,791.514,14194.6,23624.9,0.2101,054 077 081 082 103 104 107 108 109 110 111 112 129 154 172 176 190 191 213 221 238
08607294,1341,368.411,13342.2,19902.9,0.2062,054 077 081 103 104 107 108 109 120 154 172 176 190 191 221 238
0860CA10,3,6.027,18771.6,19865.9,0.1284,118
08615C70,509,327.723,18759.2,21046.9,0.2568,036 118 201 907
0861D588,823,595.338,15144.5,22298.9,0.2568,036 118 201 907
08620EEC,36,85.505,13045.8,15766.9,0.2529,036 118 907
0863CB0C,4307,1637.558,16390.8,25122.9,0.4552,011 034 050 055 065 081 086 101 110 111 112 113 123 136 143 144 145 153 172 176 200 212 216 219 223 224 225 226 241 248 910 911
086402D8,1749,774.640,13769.1,21203.9,0.4552,011 034 050 055 065 081 086 112 123 136 143 144 145 153 172 176 200 212 216 219 223 224 225 226 241 248 903 910 911
08643528,59,27.325,11781.7,14046.9,0.3307,081 145 153 176 903
08646F4C,664,387.310,18415.8,21124.9,0.1517,039 049 070 081 101 113 126 164 176 206 247
0864A1C4,2576,1519.960,16121.1,21124.9,0.2529,022 038 039 046 049 054 057 062 064 067 070 077 081 082 090 094 101 103 108 109 113 115 126 129 158 164 168 172 176 188 191 206 216 220 227 247 249 902 904
0864E634,4977,1783.775,15832.7,47249.8,0.2529,001 022 038 046 049 054 057 062 064 067 070 077 081 082 088 094 095 096 101 103 104 108 109 113 114 115 117 126 129 148 158 168 172 176 184 187 188 191 193 206 216 220 227 247 248 249 902 903 904
086523DC,2729,1031.890,16118.0,20345.9,0.2490,029 055 058 079 086 119 134 135 146 170 173 197 204 212 213 216 228 248 910 911
08657508,7013,2711.693,17457.4,27207.9,0.2568,004 029 032 055 058 079 080 086 119 134 135 136 140 146 149 170 173 179 195 196 197 204 212 213 216 225 226 228 232 241 248 910 911
0865A3D4,3073,955.360,16028.2,23624.9,0.2646,004 029 032 055 058 079 080 086 088 119 134 135 136 140 146 149 170 173 179 187 193 196 197 204 212 216 225 226 232 241 248 910
0865EF54,50,11.821,13627.6,18750.9,0.2879,088 094 193
086620C4,2921,730.252,12439.3,22259.9,0.2879,029 034 068 079 081 094 102 106 121 151 175 176 182 200 213 220
08664894,2422,689.652,15892.2,21046.9,0.3346,034 081 094 121 125 161 175 176 182 200 220
08666664,751,261.857,13739.1,47249.8,0.1907,034 081 111 112 125 161 175 176 182 200 220
08667C98,509,222.277,14566.5,21046.9,0.3346,039 051 090 108 154 159 173 174 188 200 204 206 209
086697EC,667,221.406,14232.4,21046.9,0.3346,039 090 104 108 154 159 173 174 188 200 204 206
0866AC7C,200,43.933,15274.7,19865.9,0.2568,039 104 154 188 206
0866C150,158,26.068,13390.2,17697.9,0.2023,104 154
0866D2DC,16,2.411,11812.0,11812.0,0.1595,104
0866E150,402,267.098,28996.5,42094.8,0.2840,046 092 101 113 154 167 172 209 221 247 248
0867163C,583,392.804,31396.5,42094.8,0.2179,046 092 121 154 167 172 209 221 247 248 902 907
08672AEC,181,120.480,28634.3,42094.8,0.2451,046 092 121 167 172 209 221 247 248 902 907
086735E0,44,28.093,27054.2,42094.8,0.2179,092 121 167 172 209 247 248 902 907
086745D8,4,1.339,23953.0,28094.9,0.2218,092 167
08675088,218,55.905,17915.9,18750.9,0.4591,054 077 095 096
0867AB50,1036,289.734,14919.5,19865.9,0.4591,054 064 077 090 095 096 100 103 104 115 154 158 188 242 904
0867CB1C,1227,390.809,14543.1,19902.9,0.3268,054 057 062 064 077 090 100 103 104 108 109 115 154 158 188 242 904
0867ED8C,493,318.515,12971.3,16735.9,0.2840,054 077 108 109 154 188 242
0868A098,674,143.872,14536.0,23582.9,0.2996,006 018 120 139 218 921
086923E8,241,42.460,14128.9,21009.9,0.2996,006 120 139 218 921
086A4500,2695,542.668,16340.3,35024.9,0.3268,002 006 011 032 048 064 065 080 082 106 115 124 129 150 151 162 163 207 219 248 904 924
086AB930,1307,258.559,13610.5,21046.9,0.3230,002 006 011 032 049 065 080 082 106 120 129 150 151 219 248 924
086B2D50,1199,267.616,18741.3,28094.9,0.2140,049 120 219
086B58A4,176,104.291,10400.2,10523.0,0.2140,064 115 215 216 235 904
086B89E4,1296,506.383,13578.3,19865.9,0.4319,017 028 029 042 043 053 056 057 062 079 088 094 095 096 101 113 114 117 119 148 149 158 180 184 187 188 192 193 215 216 226 235 242 248 909 911 912
086BBE18,827,296.882,13146.5,21046.9,0.3619,017 029 031 042 043 053 079 094 095 096 101 113 114 117 119 136 149 158 180 184 187 188 192 215 225 226 235 242 248 909 911
086BD790,4,22.034,12515.0,12515.0,0.2412,114 184
086C6B0C,8,5.693,13652.9,14046.9,0.1868,067
086CB100,91,71.073,12994.2,15767.9,0.2646,067 234
086CE3D0,56,44.938,15428.6,15766.9,0.1984,067
086D15B4,193,72.329,13977.6,14882.9,0.3035,017 043 067 101 113 140 192 232 248
086D50A4,5894,2361.888,13945.9,16704.9,0.3035,017 043 064 067 076 088 095 096 101 113 114 115 117 133 140 158 184 188 190 191 192 193 205 211 216 232 242 248 904 906
086D88EC,1039,400.201,16611.9,22298.9,0.3035,017 043 064 088 101 113 114 115 117 140 158 184 188 190 191 192 193 205 211 216 232 242 248 904 906
086DC100,130,175.295,12540.6,14937.9,0.2451,019 043 100 192 239 914
086E25F8,337,611.881,14852.6,27010.9,0.2451,043 100 192 218 239 244 249 903 914
086E6C00,374,356.034,16000.1,19865.9,0.2879,039 043 046 049 057 062 067 090 123 148 172 192 199 206 209 248 913
086F1A2C,508,336.563,13125.5,23624.9,0.3463,039 043 046 057 062 067 101 113 123 148 172 192 199 206 209 248 902 913
086FE0CC,1019,644.547,16930.0,19902.9,0.3891,004 017 028 032 038 043 049 056 057 062 064 080 088 090 095 096 101 113 114 115 117 132 140 157 158 184 187 188 192 193 215 232 233 242 248 904 906
08706784,2966,1592.323,13677.7,26517.9,0.3463,004 017 028 031 032 038 043 049 056 057 062 064 067 080 088 090 092 094 095 096 101 113 114 115 117 132 140 157 158 184 187 188 192 193 212 215 232 233 242 248 904 906 910
0870F87C,116,59.386,19720.2,21085.9,0.1556,042 046 053 104 108 109 206 248
08712430,931,410.599,15611.6,21046.9,0.1711,042 046 053 067 104 108 109 158 188 206 248
08712B18,268,87.799,13464.1,18750.9,0.1479,042 053 067 109 158 188
08717FE4,3304,899.824,25258.5,41946.8,0.2451,006 020 087 103 120 136 143 144 146 155 179 180 225 236 241 909
0871F814,648,265.322,29332.0,52663.8,0.2451,006 020 087 103 120 136 143 144 155 179 225 236
08723BE8,13,3.098,28409.8,39453.8,0.1517,020 179
08735D8C,7212,2366.423,13199.0,89196.7,0.4008,004 010 020 024 026 029 036 042 052 053 054 070 077 079 102 109 120 126 137 149 161 179 180 189 195 228 238 244 245 249 903 909
0873A6F8,2791,999.578,13203.8,21437.9,0.3074,011 017 022 028 029 038 050 056 064 079 088 095 096 114 115 117 119 136 149 180 184 187 190 191 193 212 214 215 216 226 233 234 235 241 248 249 904 906 909 910 911 912
0873D49C,4040,1546.283,15783.2,22422.9,0.2802,004 011 017 018 022 028 029 038 050 055 056 064 079 086 088 092 095 096 101 113 114 115 117 119 136 140 148 149 158 179 180 184 187 188 190 191 193 195 196 199 212 214 215 216 225 226 232 233 234 235 241 242 248 249 904 906 909 910 911 912
087407A0,1161,433.890,12907.6,26517.9,0.3035,004 017 018 028 029 031 050 055 064 079 086 088 092 095 096 101 113 115 117 119 136 140 148 158 179 180 187 188 193 199 212 214 215 216 225 226 232 233 234 235 241 242 248 904 906 909 910 911
08761C68,80,9.610,17723.7,23624.9,0.2179,915
0879758C,4,0.067,1564.0,1564.0,0.2568,139
087ACE44,6,128.936,15741.1,15767.9,0.4124,016 071 171
087E316C,10,5.994,17266.3,18750.9,0.1945,915
087E591C,20,20.795,15767.9,15767.9,0.2879,915
08812898,1,15.822,15693.6,15767.9,0.4124,016
08833578,6,2.947,12398.5,12515.0,0.2918,071
088889FC,28,10.833,14882.9,14882.9,0.0973,041
08907E38,6,1.457,39557.1,89196.7,0.2685,071
089B41A4,1,0.452,15767.9,15767.9,0.4903,003
089BBB3C,1,13.260,15767.9,15767.9,0.4786,089
089C3FA8,1,13.260,15767.9,15767.9,0.4747,089
089F766C,5,13.980,9847.6,15884.9,0.3852,009
089FAB80,11,1.624,26260.0,29765.9,0.4319,009
089FB970,5,1.524,26942.3,33410.9,0.3385,009
089FCB34,11,52.974,16525.5,17697.9,0.3619,041
089FFBC8,1,2.763,18751.4,26238.9,0.0584,025
08A01C80,12,20.560,9871.7,29765.9,0.3852,025 037
08A01DC0,49,24.830,23305.1,47776.8,0.2918,037 063
08A03A04,202,86.912,19381.2,23712.9,0.1128,066
08A0B7DC,3,11.737,26605.7,39174.9,0.2996,071
08A11338,79,3.047,16704.9,16704.9,0.3774,037
08A11614,16,10.900,17964.0,20086.9,0.3891,037
08A17520,7,4.772,10863.3,17697.9,0.2023,037
08A1C514,26,3.717,20898.3,26517.9,0.3035,099
08A1DD68,2,36.633,15767.9,15767.9,0.3619,041
08AD14C0,1,22.586,11812.0,11812.0,0.1089,071
08AF1764,11,13.394,5749.0,6629.0,0.2023,919
08AF32A4,89,49.659,27290.8,42094.8,0.3035,194
08AF45A0,66,36.600,22681.3,31535.9,0.3035,194
08AF50FC,10,5.693,20661.4,23624.9,0.3035,194
08AF6068,31,24.511,21217.2,31535.9,0.3035,194
08AF6D28,98,55.586,25072.9,39731.8,0.3035,194
08AF78A8,20,0.753,22069.7,28094.9,0.3035,194
08AF7B6C,11,0.837,26789.3,31535.9,0.3035,194
08AF81D0,20,1.005,21679.9,31535.9,0.3035,194
08AF853C,49,2.712,26258.8,35396.9,0.3035,194
08AF8A30,20,1.423,27266.2,39731.8,0.3035,194
08AF9E30,9,0.837,26789.3,31535.9,0.3035,194
08AFA6DC,9,0.536,28172.8,33410.9,0.3035,194
08AFAC64,9,5.726,28754.8,33410.9,0.3035,194
08AFB58C,20,1.758,20048.2,26517.9,0.3035,194
08AFC250,5,0.385,17604.1,21046.9,0.3035,194
08AFCBC4,9,0.536,26591.5,31535.9,0.3035,194
08AFDDE4,10,0.586,27015.3,31535.9,0.3035,194
08B5C47C,14,36.516,17827.6,29660.9,0.2568,915 919
